no_of_clusters,silhoutte_score
2,0.905839267289124
3,0.8629701691510605
4,0.8508156427215401
5,0.8299125816380966
6,0.7975981923707098
7,0.7866090706954009
8,0.777686466115839
9,0.7772757468168859
